,0
0,10새끼
1,10쎄끼
2,10알
3,10창
4,10탱
5,10탱아
6,10팔
7,10팔년
8,10팔놈
9,10팔연
10,10할년
11,10할연
12,18넘
13,18년
14,18놈
15,18눔
16,18늠
17,18세끼
18,18쉑끼
19,18쎄리
20,18쒜리
21,18쒝끼
22,18씨끼
23,2c8
24,2c팔
25,ac발
26,x대가리
27,ㄲㅏ
28,ㄲㅑ
29,ㄲㅣ
30,ㅅㅂㄹㅁ
31,ㅅㅐ
32,ㅆ1발
33,ㅆㅂㄹㅁ
34,ㅆㅍ
35,ㅆㅣ
36,ㅆ앙
37,ㅍㅏ
38,凸
39,가오
40,가오마담
41,갈보
42,갈보년
43,갈토
44,강간
45,강아지
46,강아지같은사람아
47,같은년 
48,같은뇬
49,개?q
50,개간년 개같은 여자의 약자
51,개같은
52,개같은년
53,개구라
54,개나리
55,개나리
56,개넘
57,개년
58,개놈
59,개뇬
60,개뇬
61,개눔
62,개늠
63,개대중
64,개독
65,개돼중
66,개돼지
67,개돼지 해당 항목 참조.
68,개때꺄
69,개때끼
70,개또라이
71,개똥
72,개랄
73,개보지
74,개보지
75,개부랄
76,개부럴
77,개불알
78,개뻥
79,개뿔
80,개새
81,개새
82,개새
83,개새기
84,개새꺄
85,개새끼
86,개새리
87,개새야
88,개새키
89,개색
90,개색기
91,개색기
92,개색꺄
93,개색끼
94,개색끼
95,개색키
96,개색히
97,개색히
98,개샥
99,개섀끼
100,개세
101,개세
102,개세끼
103,개세끼
104,개세이
105,개세이
106,개섹
107,개섺
108,개셃
109,개셋키
110,개셐
111,개소리
112,개소리
113,개소리
114,개소리
115,개쇄끼
116,개쇅
117,개쇅갸
118,개쇅기
119,개쇅꺄
120,개쇅끼
121,개쇅캬
122,개쇅키
123,개쇗
124,개쇗기
125,개쇠리
126,개쇳기
127,개수작
128,개쉐
129,개쉐
130,개쉐끼
131,개쉐리
132,개쉐리
133,개쉐이
134,개쉐이
135,개쉑
136,개쉑
137,개쉑갸
138,개쉑기
139,개쉑꺄
140,개쉑끼
141,개쉑이
142,개쉑캬
143,개쉑키
144,개쉑히
145,개쉢
146,개쉨
147,개쉬끼
148,개쉽
149,개스끼
150,개싀끼
151,개싘
152,개시발 좆같은 새끼야
153,개시퀴
154,개시키
155,개시키
156,개십새기
157,개십새끼
158,개십팔
159,개싯끼
160,개싯키
161,개싴
162,개쌍넘
163,개쌍년
164,개쌍놈
165,개쌔
166,개쌔꺄
167,개쌔끼
168,개쌕
169,개쌕끼
170,개썅넘
171,개썅년
172,개썅놈
173,개썅늠
174,개썅연
175,개쎅
176,개쐐리
177,개쑈
178,개쒜
179,개쒜끼
180,개쒜리
181,개쒝
182,개쒝갸
183,개쒝기
184,개쒝꺄
185,개쒝끼
186,개쒝키
187,개쒯
188,개쒸
189,개쒹기
190,개쓰레기
191,개쓰레기
192,개씌끼
193,개씨끼
194,개씨발
195,개씨발
196,개씨발(개씹할)
197,개씨팕
198,개씹
199,개씹
200,개씹
201,개씹창
202,개씹팔
203,개아들
204,개자슥
205,개자슥
206,개자싁
207,개자식
208,개자지
209,개자지
210,개접
211,개젓
212,개젖
213,개졋
214,개졎
215,개조또
216,개조옷
217,개족
218,개족새 개 좆같은 새끼의 줄임말
219,개좆
220,개좆
221,개좆
222,개좆같은년
223,개좌식
224,개지랄
225,개차반
226,개차반 개가 먹는 음식인 똥이라는 뜻으로 언행이 몹시 더러운 사람을 속되게 이르는 말. 다만 요즘은 욕설보다는 어감 때문에 쓰이는 편. '씨발' 도 그렇다지만 한국인들한테 씨발이 무슨 뜻이냐고 물으면 다들 대답하는데 이 개차반이란 말은 무슨 뜻이냐고 물으면 대답할 수 있는 사람이 거의 없을 것이다.
227,개판
228,개허접
229,개후레
230,개후장
231,걔?y
232,걔새
233,걔수작
234,걔시끼
235,걔시키
236,거렁뱅이 거지
237,거시기
238,거짓부렁
239,거짓부렁이
240,거짓부리
241,거짓불
242,걸레
243,걸레
244,걸레
245,검둥이
246,겁대가리
247,겁탈
248,게넘
249,게년
250,게놈
251,게뇬
252,게뇽
253,게눔
254,게새끼
255,게새리
256,게색
257,게색기
258,게색기
259,게색끼
260,게색끼
261,게세
262,게세꺄
263,게세끼
264,게섹
265,게쉐
266,게쉐이
267,게시끼
268,게시퀴
269,게이
270,겐세이
271,경을 칠 놈 20세기 후반까지만 해도 종종 들을 수 있었으나 현대에는 잘 사용되지 않는 욕이다. 하지만 문신을 형벌 수단으로 사용했던 역사가 있어서 유서깊은 욕 중 하나이다.
272,계집년
273,고딩
274,고자
275,고자(현재는 욕으로써 가진 뜻이 약해진 것 같다.) 이 사람이 친숙한 이미지로 바꿨기 때문이다
276,고환
277,공갈
278,공갈치다
279,공짜버그
280,공짜캐쉬
281,과메기 경상도 비하 발언
282,관종
283,관종 레알 밥도둑
284,광녀
285,광년이
286,광뇬
287,괴뢰
288,괴뢰군
289,구녕
290,구라
291,구멍
292,귀때기
293,귀머거리
294,그년
295,그룹섹스
296,그새끼
297,그지깽깽이
298,그지새끼
299,그지좃밥
300,그지좃빱
301,그지좆밥
302,근친
303,근친상간
304,금붕어
305,급식
306,급식충
307,기엉아
308,기형아
309,김치녀
310,깜둥이
311,깡통
312,깽깽이
313,꺼벙이
314,꺼벙이 본래는 꺼병이. 꺼병이는 꿩의 새끼를 뜻하는 말이며 꿩의 새끼는 거칠고 추하게 생겼다. 그래서 행동이 어설픈 사람을 얕잡아 꺼병이라고 부르다 꺼벙이로 발음이 변하였다.
315,꺼져
316,껌둥이
317,꼬걸
318,꼬걸
319,꼬라보다
320,꼬붕
321,꼭대기
322,꼰대
323,꼴값
324,꼴값하다
325,꼴다
326,꼴려
327,꼴리는
328,꼴리다
329,꼴불견
330,꼴통
331,꼴통 원래 뜻은 머리가 나쁜 사람을 속되게 이르는 말로 그 뜻과 더불어 머리를 속되게 이르는 말인 '골통' 에서 파생된 욕이다. 억양이 강조된 느낌이라 골통보다 많이 쓰인다.
332,꽃뱀
333,꽝
334,나카마
335,낚이다
336,난교
337,날라리
338,냄비
339,너 같은 새끼는 뻑큐가 최고야
340,넣게벌려
341,넣고싸고
342,네에미
343,년
344,년 + 놈 = 연놈
345,년놈
346,논다니
347,놀토
348,놈팡이
349,놈현
350,농땡이
351,농땡이꾼
352,뇬
353,누리개
354,눈깔
355,뉘뮈
356,뉘미럴
357,늙다리
358,니 얼굴 실화냐
359,니귀미
360,니기미
361,니기미 네미(어떤 일에 대하여 몹시 못마땅할 때 욕으로 하는말)의 잘못. 니미와는 다르다
362,니미
363,니미랄
364,니미랄
365,니미럴
366,니미럴
367,니미롤
368,니미를
369,니미뽕 니미(니애미)라는 패드립에 뽕이라는 어감을 추가한 것
370,니미씹
371,니보지
372,니상년
373,니아배
374,니아베
375,니아비
376,니애미
377,니애비
378,니어매
379,니어메
380,니어미
381,니어미
382,니에미
383,니에비
384,니좆
385,닝기리
386,닝기미
387,닥쳐 어원은 닭 + 쳐 이다. 입을 다물라는 욕. 입이나 아가리를 앞에 붙여(=아닥) 쓰기도 한다. 그래도 가리진 않는다. 요즘은 수위가 굉장히 낮아졌다.
388,닭대가리(돌대가리나 새대가리라고도 한다.)
389,대가리
390,대갈통
391,대강이
392,대딩
393,대딸
394,대부분 'ㅅ'과 'ㅆ'을 서로 호환하여 사용할 수 있다.
395,뎃빵
396,뎡신
397,도라이
398,돈놈
399,돈지랄
400,돈지랄하다
401,돌대가리
402,돌아이
403,돌은놈
404,동자질
405,되놈
406,되질래
407,뒈져
408,뒈져라
409,뒈지다
410,뒈진
411,뒈진다
412,뒈질
413,뒤질래
414,등때기
415,등신
416,"등신 한자로는 等神으로 원래는 한국 무속신앙에서 제례용으로 쓰던 일종의 우상을 일컫는 말이었다. 그것이 ""(우상처럼) 아무것도 못하는 놈"" 의 뜻을 거쳐 현재의 의미로 변화되었다."
417,디져라
418,디진다
419,디질래
420,딩시
421,따까리 누군가에게 신하처럼 여겨지는 것을 나타낸다. 쉽게말해서 종.
422,따먹다
423,따식
424,딱가리
425,딸딸이
426,딸딸이 부대(혹은 딸딸이대) 일본 자위대를 스스로 지킨다는 뜻의 자위(自衛)가 아닌 일본 성문화와 겹쳐 자위(自慰)의 뜻으로 비꼬아 부르는 표현. 파생어로 영어로 바꾼 ‘마스터베이션 아미(Masturbation Army)’라고도 부르기도 한다.
427,때놈
428,땜통
429,떡치기
430,떡칠녀
431,떼거리
432,뗑깡
433,또라이
434,또라이(돌아이)
435,똘똘이
436,똘마니
437,똘아이
438,똘아이
439,똥
440,똥간
441,똥갈보
442,똥개
443,똥고집
444,똥꼬
445,똥창
446,똥컴
447,똥탕
448,똥털
449,똥통
450,뙈놈
451,뙤놈
452,뙨넘
453,뙨놈
454,뚜쟁
455,뛰발
456,띄발
457,띠ㅋ발
458,띠바
459,띠발
460,띠발
461,띠불
462,띠팔
463,룸섹스
464,마빡
465,마스터베이션
466,맘충
467,맛세이
468,매국노
469,매춘
470,매춘부
471,맹꽁이
472,머리통
473,머저리 바보나 멍청이와 비슷한 말. 이청준의 소설 '병신과 머저리'에 제목으로 쓰였다.
474,먹사 교회를 치부의 수단으로 생각하는 목사들의 행태에서 비롯된 말.
475,멍청도 충청도 비하발언
476,멍청이
477,메친넘
478,메친놈
479,모가지
480,몸안에사정
481,몸캠
482,몸켐
483,몸파는
484,무데뽀
485,묵찌빠
486,뮈칀세끼
487,뮈칀세리
488,뮈칀섹끼
489,뮈친
490,뮈친세리
491,뮈친섹끼
492,뮈친섹이
493,미제 미국 제국주의자 놈들 이라는 뜻으로 북한이 미국을 욕할 때에 쓰이는 욕이다.
494,미췬
495,미췬
496,미췬
497,미췬년
498,미췬세끼
499,미췬쉐리
500,미치광이
501,미친
502,미친
503,미친
504,미친개
505,미친넘
506,미친넘
507,미친년
508,미친년
509,미친년
510,미친놈
511,미친놈
512,미친뇬
513,미친새끼
514,미친새끼
515,미친새끼
516,미친세리
517,미친섹이
518,미친스까이
519,미친자식
520,미튄
521,미틘
522,미틩
523,미틴
524,미틴
525,미틴넘
526,미틴년
527,미틴놈
528,미틴뇬
529,밑구녕
530,밑구녕빨기
531,밑구멍
532,바랄년
533,바보
534,바보멍청이해삼멍게말미잘
535,박고싶다
536,박고싶퍼
537,박아줄게
538,박아줄께
539,박을께
540,박을년
541,발컨
542,밥통
543,방가
544,배때기
545,백보지
546,뱅마
547,뱅쉰
548,뱅싄
549,뱅신
550,뱅신
551,뱡신
552,버러지 곤충을 비롯하여 기생충과 같은 하등 동물을 통틀어 이르는 말이나 어감상 욕으로 쓰인다.
553,버즤
554,버지
555,버지물
556,버짓물
557,번섹
558,번쌕
559,번쎅
560,벙어리
561,벼엉신
562,벼엉신
563,변섹
564,변태
565,변퇴
566,병쉰
567,병쉰
568,병싀
569,병싄
570,병신
571,병신
572,병신 (病身)
573,병신따까리(새끼) 병신의 부하.
574,병씬
575,병자
576,보G
577,보오지
578,보전깨
579,보쥐
580,보즤
581,보지
582,보지
583,보지걸
584,보지구녕
585,보지구멍
586,보지나라
587,보지년 여자를 속되게 이르는 말.
588,보지당
589,보지물
590,보지보지
591,보지털
592,보짓년
593,보짓물
594,보짖물
595,보추 보지 + 고추 인터넷에서 넷카마질하거나 여장남자를 비꼬는 말.
596,볼때기
597,볼륨감
598,봉알
599,뵤즤
600,뵤지
601,뵨태
602,뵹딱
603,뵹싄
604,뵹신
605,부랄
606,부랄
607,부럴
608,부부섹스
609,부아통
610,부카케
611,분빠이
612,불륜
613,불알
614,불알
615,불할
616,붕가
617,붕딱
618,붕딲
619,붕뛴
620,붕싄
621,붕시나
622,붕신
623,붕알
624,붙어먹
625,붜지
626,붱신
627,뷍슨
628,뷍싄
629,뷍신
630,뷩쉬
631,뷩쉰
632,뷩싄
633,뷩신
634,뷰웅
635,뷰웅신
636,븅
637,븅딱
638,븅딱 병신 딱지를 강하게 발음한 븅신 딱지의 준말이다.
639,븅쉰
640,븅싄
641,븅시
642,븅신
643,븅신
644,븅아
645,브랄
646,블알
647,븡딱
648,븡쉰
649,븡신
650,븽딱
651,븽쉬
652,븽슨
653,븽싄
654,븽시
655,븽신
656,비듬
657,비잉신
658,빌어먹
659,빌어먹을
660,빌어먹을 이 형태로 쓰이면 문자 그대로 '거지처럼 동냥해서 하루하루를 버티는 자' 란 뜻으로 쓰지만 여위고 병약하다는 뜻의 '비루먹을' 을 어원으로 보기도 한다.
661,빙딱
662,빙쉬
663,빙쉰
664,빙싀
665,빙싄
666,빙시
667,빙시
668,빙신
669,빙신
670,빠가
671,빠가 일본어로 ‘멍청이’를 뜻하는 바카야로(馬鹿野?)에서 온 말.
672,빠걸
673,빠구리
674,빠굴
675,빠굴
676,빠굴이
677,빠꾸리
678,빠도리
679,빠돌이
680,빠돼쌍
681,빠라
682,빠라조
683,빠라줘
684,빠러
685,빠수니
686,빠순이
687,빠큐
688,빠큐
689,빡대가리 머리가 텅텅 비었다는 말로 흔히 경상도에서 많이 사용한다.
690,빡돌
691,빡촌
692,빡큐
693,빨갱이
694,빨갱이 공산주의자 및 북한인을 일컫는 멸칭인데 최근에 한국에선 좌파적 정치 사상을 가진 사람을 비난하는 용도로 확장되었다.
695,빨어핥어박어
696,빨자좃
697,빨자좆
698,빨통 유방을 일컽는 속어
699,빽보지
700,빽자지
701,뺀질이
702,뺑신
703,뺑쒼
704,뺑씬
705,뺘큐
706,뻐어큐
707,뻐큐
708,뻐큐
709,뻐큐 Fuck You의 한국식 발음.
710,뻐킹
711,뻑큐
712,뼁끼
713,뼝신
714,뽀개
715,뽀로노
716,뽀록나다
717,뽀르나
718,뽀르너
719,뽀르노
720,뽀쥐
721,뽀지
722,뽀쮜
723,뽁큐
724,뽕알
725,뿅신
726,뿅씬
727,뿡알
728,쁑신
729,삐꾸
730,삐꾸 병신과 비슷한 뜻이다. 90년대 널리 사용되었으나 요즘은 거의 사용되지 않는다.
731,삥쉰
732,삥쒼
733,삥씬
734,사까시
735,사까치
736,사내새끼
737,사내자식
738,사이버섹스
739,사창가
740,사카시
741,사카치
742,삽쥘
743,삿가시
744,삿까시
745,삿깟시
746,상넘이
747,상년
748,상노무
749,상놈
750,상놈을
751,상놈의
752,상놈이
753,상판대기
754,상폐녀
755,새X
756,새갸
757,새꺄
758,새꺄
759,새뀌
760,새끠
761,새끼
762,새뤼
763,새새끼
764,새에끼
765,새키
766,새키
767,색갸
768,색걸
769,색골
770,색광
771,색기
772,색꺄
773,색끼
774,색끼
775,색남
776,색녀
777,색마
778,색스
779,색스
780,색쑤
781,색쓰
782,색캬
783,색키
784,색할
785,색햐
786,색히
787,샊꺄
788,생쑈
789,샤불년
790,샤앙년
791,샵년
792,샹넘
793,샹년
794,샹놈
795,샹늠
796,성관계
797,성교
798,성매매
799,성섹스
800,성욕구
801,성인용품
802,성체위
803,성체험
804,성추행
805,성충동
806,성폭력
807,성폭행
808,성행위
809,세갸
810,세게빨아
811,세꺄
812,세꺄
813,세뀌
814,세끠
815,세끼
816,세끼
817,세액스
818,세에끼
819,세에쓰
820,세엑
821,세퀴
822,세키
823,섹s
824,섹남
825,섹녀
826,섹마
827,섹보지
828,섹수
829,섹쉬
830,섹슈
831,섹스
832,섹스
833,섹시
834,섹파트너
835,섹하자
836,섹하장
837,섹할
838,섹해
839,섹히
840,쇠고랑
841,쇼하네
842,수간
843,수음
844,쉐
845,쉐기
846,쉐끼
847,쉐리
848,쉐에기
849,쉐키
850,쉑
851,쉑수
852,쉑스
853,쉑쑤
854,쉑쓰
855,쉑캬
856,쉬발
857,쉬밸
858,쉬벌
859,쉬뻘
860,쉬펄
861,쉴드
862,쉽알
863,스와핑
864,스트립쇼
865,스트립쑈
866,스패킹
867,스팽
868,스펄
869,시궁창
870,시끼
871,시댕
872,시뎅
873,시랄
874,시발
875,시벌
876,시부랄
877,시부럴
878,시부리
879,시불
880,시브랄
881,시팍
882,시팔
883,시펄
884,신발끈
885,심발끈
886,심탱
887,십8
888,십8
889,십넘
890,십녀
891,십놈
892,십때꺄
893,십때끼
894,십떼끼
895,십라
896,십밸
897,십새
898,십새
899,십새꺄
900,십새끼
901,십새끼
902,십새캬
903,십새키
904,십색
905,십색꺄
906,십색끼
907,십색히
908,십세
909,십세
910,십세끼
911,십쇄리
912,십쉐
913,십쉐
914,십쉐리
915,십쉐이
916,십쉐이
917,십쉑
918,십쉑히
919,십스키
920,십시끼
921,십쌔
922,십쌔
923,십쌔꺄
924,십쎄끼
925,십씨키
926,십알
927,십장생
928,십질
929,십창
930,십창
931,십탱
932,십탱
933,십탱구리
934,십팔
935,십팔년
936,십팔련
937,십팔연
938,십할
939,십할련
940,싯끼
941,싯빨
942,싯팔
943,싲팔
944,싴팔
945,싵팔
946,싶알
947,싶알
948,싶팔
949,싸가지
950,"싸가지 없다 '싸가지' 가 싹을 비하해서 말한 것이라 원래는 '가망이 없다' 는 뜻이었는데 시간이 지나며 '예의가 없다' 는 뜻으로 바뀐 예. ""이게 싸가지 없이 어른한테 대들어"" 란 예문을 생각하면 적절할까. 농경사회에서는 예의가 없는 사람은 올바른 사회 구성원이 될 가망이 없는 것이나 마찬가지니까. 개념없다는 말과 원래 뜻과 욕설로서의 뜻 모두 비슷하다. 더 강조하여 ""싹바가지 없다""라고도 한다."
951,싸발년
952,싸앙넘
953,싸앙녀
954,싸앙년
955,싸이코(사이코) 국제가수인 이 분의 예명도 이 낱말에서 기원한다.
956,싸줄께
957,싹년
958,싹아지
959,쌉
960,쌉년
961,쌉년
962,쌍넌
963,쌍넘
964,쌍넘
965,쌍년
966,쌍념
967,쌍노무
968,쌍놈
969,쌍놈아
970,쌍뇨나
971,쌍뇬
972,쌍뇬
973,쌍뇸
974,쌍뇽
975,쌍뉸
976,쌍말
977,쌍말하다
978,쌍연
979,쌍욕 수위 높은 욕설의 범주를 나타내는 말이기도 하면서 그 자체로 욕설로 쓰이기도 한다.
980,쌔꺄
981,쌔끼
982,쌔끼
983,쌔리
984,쌔캬
985,쌔키
986,쌕
987,쌕
988,쌕갸
989,쌕걸
990,쌕꺄
991,쌕수
992,쌕스
993,쌕쑤
994,쌕쓰
995,쌤
996,쌩까다
997,쌩보지
998,쌩쑈
999,쌩포르노
1000,쌰앙넘
1001,쌰앙녀
1002,쌰앙년
1003,쌰앙눔
1004,쌰앙뉸
1005,썁색
1006,썅
1007,썅
1008,썅
1009,썅넌
1010,썅넘
1011,썅녀
1012,썅년
1013,썅년
1014,썅놈
1015,썅놈
1016,썅뇬
1017,썅연
1018,써벌
1019,썩을년
1020,썩을년
1021,썩을놈
1022,썩을놈/년
1023,쎄꺄
1024,쎄엑
1025,쎅스
1026,쑤비
1027,쒸벌
1028,쒸뻘
1029,쒸팔
1030,쒸펄
1031,쓰글넘
1032,쓰글년
1033,쓰글놈
1034,쓰글늠
1035,쓰레기
1036,쓰바
1037,쓰박
1038,쓰발
1039,쓰발
1040,쓰발넘
1041,쓰벌
1042,쓰벌
1043,쓰불
1044,쓰뷀
1045,쓰블
1046,쓰팔
1047,씁새
1048,씁얼
1049,씌발
1050,씌파
1051,씨8
1052,씨ㅋ발
1053,씨끼
1054,씨댕
1055,씨댕
1056,씨댕년
1057,씨뎅
1058,씨뎅
1059,씨바
1060,씨바
1061,씨바라
1062,씨바랄
1063,씨박
1064,씨박
1065,씨발
1066,씨발넘
1067,씨발년
1068,씨발놈
1069,씨발놈아
1070,씨방
1071,씨방새
1072,씨방새
1073,씨방세
1074,씨방세
1075,씨밸
1076,씨뱅
1077,씨뱔
1078,씨벌
1079,씨벌
1080,씨벌년
1081,씨벧
1082,씨벨
1083,씨벨년
1084,씨벵
1085,씨봉
1086,씨봉
1087,씨봉알
1088,씨봉알
1089,씨부랄
1090,씨부랄
1091,씨부럴
1092,씨부럴
1093,씨부렁
1094,씨부리
1095,씨불
1096,씨불
1097,씨불년
1098,씨불얼
1099,씨붕
1100,씨붕
1101,씨뷀
1102,씨브
1103,씨브랄
1104,씨브랄
1105,씨브럴
1106,씨블
1107,씨블년
1108,씨빠
1109,씨빨
1110,씨뽀랄
1111,씨앙
1112,씨앙년
1113,씨양년
1114,씨이바
1115,씨이발
1116,씨이방
1117,씨이밸
1118,씨이벌
1119,씨이빨
1120,씨이팔
1121,씨입년
1122,씨입뇬
1123,씨파
1124,씨파
1125,씨팍
1126,씨팍
1127,씨팏
1128,씨팔
1129,씨팔년
1130,씨펄
1131,씨펄
1132,씸년
1133,씸뇬
1134,씸새끼
1135,씹
1136,씹8
1137,씹같
1138,씹거웃
1139,씹구멍
1140,씹넘
1141,씹년
1142,씹년
1143,씹년- 여성에게 쓰는 매우 강한 욕설
1144,씹놈
1145,씹뇬
1146,씹뇬
1147,씹다
1148,씹두덩
1149,씹딱꿍
1150,씹때꺄
1151,씹때끼
1152,씹떼
1153,씹떼끼
1154,씹물
1155,씹밸
1156,씹벌
1157,씹보지
1158,씹보지
1159,씹보지년
1160,씹블
1161,씹빡
1162,씹빨
1163,씹뻘
1164,씹새
1165,씹새
1166,씹새기
1167,씹새꺄
1168,씹새끼
1169,씹새끼 좆같네 좆같아
1170,씹새리
1171,씹새캬
1172,씹새키
1173,씹색꺄
1174,씹색끼
1175,씹색히
1176,씹샛길
1177,씹생알
1178,씹세
1179,씹세
1180,씹세끼
1181,씹세이
1182,씹쉐
1183,씹쉐
1184,씹쉐리
1185,씹쉐이
1186,씹쉑
1187,씹쉑히
1188,씹스키
1189,씹쌔
1190,씹쌔
1191,씹쌔기
1192,씹쌔꺄
1193,씹쌔끼
1194,씹쌔키
1195,씹쎄
1196,씹쎄끼
1197,씹쒜
1198,씹씨키
1199,씹알
1200,씹연
1201,씹이
1202,씹자지
1203,씹지랄
1204,씹질
1205,씹질
1206,씹창
1207,씹탱
1208,씹탱
1209,씹탱구리
1210,씹팔
1211,씹팔
1212,씹팔년
1213,씹팔련
1214,씹팔연
1215,씹펄
1216,씹풀
1217,씹하다
1218,씹할
1219,씹할
1220,씹할련
1221,씹할연
1222,씹헐
1223,씻끼
1224,씻발
1225,씻벌
1226,씻뻘
1227,씻퐁
1228,씾팔
1229,앂년
1230,앂팔
1231,아가리
1232,아가리 사람의 입을 물고기의 아가리로 빗대어 말함.
1233,아갈
1234,아갈이
1235,아갈통
1236,아구창
1237,아구통
1238,아굴
1239,아이템매니아
1240,아이템메니아
1241,아이템베이
1242,안에사정
1243,알몸
1244,알몸공개
1245,알몸사진
1246,알몸쇼
1247,앞대가리
1248,애미/애비 뒤진 년
1249,애비
1250,애비충
1251,애새끼
1252,애액
1253,애자 장애인을 비하 할 때 쓰이는 것이다.
1254,앰병
1255,앰창
1256,야녀
1257,야동
1258,야설
1259,얌마
1260,양넘
1261,양년
1262,양놈
1263,양놈 서양사람들을 비칭할 때 쓰며 특히 미국인들 비칭할 때 사용한다. 영어의 양키(Yankee)에 대응.
1264,양반 본래 조선 시대의 상류 계층 신분을 지칭하는 말이었으나 신분제도가 붕괴된 현재는 자기보다 조금 윗사람인 사람을 비꼬는 형태로 쓰인다.
1265,양아치
1266,언년이
1267,얼간이
1268,얼금뱅이
1269,얽둑빼기
1270,얽적빼기
1271,얽죽빼기
1272,엄창
1273,엄창
1274,에라이 씨발
1275,에믜
1276,에미
1277,엠병
1278,여물통
1279,여자보지
1280,염병
1281,염병할
1282,염치머리
1283,염퉁머리
1284,엿같
1285,엿먹
1286,엿먹다
1287,엿먹어
1288,옘병
1289,옘병
1290,옘빙
1291,오나니
1292,오랄
1293,오랑캐
1294,오럴
1295,오럴섹스
1296,오르가즘
1297,오유충
1298,오입
1299,오입질
1300,옹녀
1301,왕보지
1302,왕자지
1303,왕초
1304,왜국
1305,왜년
1306,왜놈
1307,왜놈
1308,욤병
1309,우라질
1310,우묵이
1311,욱일기
1312,운지 노무현 전 대통령이 부엉이바위에서 투신한 것을 비하하는 말.
1313,원조교재
1314,원조교제
1315,원조알바
1316,월경
1317,유두
1318,유딩
1319,유방
1320,육갑
1321,육변기
1322,육봉
1323,육시랄
1324,육시럴
1325,육시럴
1326,윤간
1327,윤락
1328,은년
1329,을년
1330,음경
1331,음담패설
1332,음란
1333,음순
1334,음액
1335,음욕
1336,응 니애미(애비/애벌레)
1337,이게 아부지도 없는 게 까불어
1338,이년
1339,이런 시베리아벌판에서수박씨발라먹은시베리안허스키가먹다뱉은조카18색크레파스같으니라고.
1340,이마빡
1341,이마빼기
1342,이새끼
1343,이새키
1344,이스끼
1345,이스키
1346,이악쟁이
1347,인조새 인생 조진 새끼의 준말.
1348,일베충 일베를 하는 벌레를 의미.
1349,임마
1350,입사후장
1351,입안사정
1352,자기소개 
1353,자슥
1354,자식새끼
1355,자위
1356,자위기구
1357,자위남
1358,자위녀
1359,자지
1360,자지 '보지' 와 마찬가지로 단어 자체가 욕설로 쓰이는 예는 거의 없다.
1361,잠자리비행기
1362,잡것
1363,잡넘
1364,잡년
1365,잡년
1366,잡놈
1367,잡놈
1368,잡뇬
1369,잡종 그다지 잘 쓰이는 편은 아니지만 만약 주로 쓴다면 호로와 새끼를 포함한 욕을 섞어서 쓸수도 있고 저 3개를 다 섞어서 쓸수도 있다. 해리 포터의 'mudblood'가 이 단어로 번역되어 유명해졌다.
1370,재수없다 욕을 먹는 대상과 연루되면 성공할 일도 실패한다는 뜻으로 쓰는 욕.
1371,저것
1372,저년
1373,저능아
1374,저새끼
1375,접년
1376,젓가튼
1377,젓같은
1378,젓까
1379,젓까는
1380,젓나
1381,젓나게
1382,젓마난
1383,젓만한
1384,젓밥
1385,젓빠지게
1386,정박아
1387,정박아 정신박약아의 준말.
1388,정신병자
1389,정자
1390,젖
1391,젖 사람의 유방을 비속하게 이르는 말. 물론 포유동물에게는 일반적으로 쓰인다.
1392,젖가튼
1393,젖같은
1394,젖까
1395,젖까는
1396,젖꼭지
1397,젖나게
1398,젖도
1399,젖마난
1400,젖만한
1401,젖물
1402,젖밥
1403,젖밥
1404,젖빠지게
1405,젖탱이
1406,젖통
1407,제기랄
1408,제기랄 원래는 '제 아기랑 검열삭제할' 이라는 뜻이라는 설이 인터넷에 돌았는데 사실은 아니라고 한다. 줄여서 제길 이라 표현하기도 한다.
1409,제락
1410,젠장
1411,조가틍
1412,조까
1413,조까
1414,조까는
1415,조까라
1416,조까치
1417,조까튼
1418,조낸
1419,조낸
1420,조동아리
1421,조동이
1422,조또
1423,조또
1424,조랭
1425,조루
1426,조빠
1427,조빠라
1428,조빠지게
1429,조빱
1430,조센진
1431,조센징
1432,조옷나
1433,조쟁이
1434,조지냐
1435,조진다
1436,조질래
1437,조질래
1438,조찐
1439,조카툰
1440,조털
1441,족가튼
1442,존나
1443,존나게
1444,존니
1445,존만
1446,존만한
1447,졸라
1448,좀물
1449,좀물
1450,좁년
1451,좁밥
1452,좃
1453,좃가튼
1454,좃같은
1455,좃까
1456,좃까
1457,좃까는
1458,좃까라
1459,좃나
1460,좃나게
1461,좃도
1462,좃또
1463,좃만
1464,좃물
1465,좃밥
1466,좃밥
1467,좃빠지게
1468,좃이
1469,좃찐
1470,좄까
1471,종간나새끼 함경도 지방의 욕설로 종년의 자식이라는 뜻이다. 북한에서 많이 쓰인다.
1472,좆
1473,"좆간나새끼 주로 ""족깐나새끼""로 발음된다. 북한에서나 쓰인다."
1474,좆같
1475,좆같다 국어사전의 표제어이다.
1476,좆구녕
1477,좆까
1478,좆까
1479,좆까
1480,좆까는
1481,좆나
1482,좆나
1483,좆대가리
1484,좆대가리 = 귀두
1485,좆도
1486,좆도 아닌 (새끼)
1487,좆또
1488,좆만
1489,좆만이(좆만한 새끼)
1490,좆망
1491,좆물
1492,좆밥
1493,좆밥
1494,좆밥
1495,좆병신
1496,좆새끼
1497,좆심 남성의 성교 능력이나 힘을 매우 비속하게 이르는 말.
1498,좆이
1499,좆집 = 여성을 가리키는 대단히 모욕적인 말. 의미의 유래는 더 이상의 자세한 설명은 생략한다.
1500,좆찐
1501,좇
1502,좇같
1503,좇까
1504,좇이
1505,좌식
1506,죳
1507,죶
1508,죶가튼
1509,죶빠지게
1510,주글
1511,주글래
1512,주데이
1513,주뎅
1514,주뎅이
1515,주둥아리
1516,주둥이
1517,주접
1518,주접떨
1519,죽고잡
1520,죽을래
1521,죽치다
1522,죽통
1523,중딩
1524,쥐랄
1525,쥐롤
1526,쥐새끼
1527,쥬디
1528,즐
1529,지기미 비듬이나 찌꺼기를 뜻하는 사투리이나 즈그 에미의 준말이기도 하다. 니기미와 일맥상통하는 욕. 바리에이션으로 '지미' 가 있다.
1530,지랄
1531,지랄하네
1532,지랄하지마 개새끼야
1533,지럴
1534,지롤
1535,지미랄
1536,지방방송
1537,직딩
1538,짜식
1539,짜아식
1540,짝퉁
1541,짬지
1542,짭새
1543,짱깨
1544,짱꼴라
1545,짱나
1546,쩌리 허접과 동의어.
1547,쩍벌춤
1548,쪼다
1549,쪼렙
1550,쪽
1551,쪽발이
1552,쪽발이 또는 쪽바리
1553,쪽팔리다
1554,쫄보 별것도 아닌것에 쫄아버리는 사람들을 욕되게 말하는 말
1555,쫍빱
1556,찌랄
1557,찌랭이
1558,찌찌
1559,찐
1560,찐따
1561,차브
1562,창남
1563,창녀
1564,창녀
1565,창녀촌
1566,창년
1567,창뇨
1568,창뇬
1569,챵녀
1570,챵년
1571,챵뇬
1572,처녀막
1573,천치
1574,철따구니
1575,철딱서니
1576,철딱지
1577,초딩
1578,촛불좀비 촛불시위자들을 폄하 및 비하하여 이르는 말. 일부 극우 쪽 사람들이 즐겨쓰는 단어이다. (좌파좀비) 여기서 파생된 언어로 역으로 극우적인 인사들을 비하하는 의미의 ‘우좀(우파좀비)’란 단어도 있다. 사실 이 우좀이란 단어는 같은 우익쪽에서 더 잘쓰이는편이다. 그만큼 같은 우익 입장에서 보기에도 이건 좀 아니다 싶을만큼 좋게 안보는것.
1579,최순실 법정에서도 모욕죄가 인정되었다.
1580,최음제
1581,치신머리사납다
1582,친일파
1583,칠칠맞다
1584,카섹
1585,카섹스
1586,캐년
1587,캐놈
1588,캐세끼
1589,캐쉬버그
1590,캐스끼
1591,캐스키
1592,캐시버그
1593,캐시키
1594,컴싸
1595,코흘리개 찌질이의 원형.
1596,큰보지
1597,큰자지
1598,킹왕짱
1599,탱구
1600,통구이 대구 지하철 참사 피해자 비하발언
1601,튀기 혼혈을 비하하는 말.
1602,틀딱충
1603,팔럼
1604,패거리
1605,패드립
1606,퍽큐
1607,페니스
1608,폐녀자
1609,폐인 쓰는 이유는 장애인과 마찬가지로 폐인같이 구는 사람을 비하하기 위한 용도다.
1610,포르노
1611,포르노사진
1612,포르노섹스
1613,폰색
1614,폰세엑
1615,폰섹
1616,폰섹스
1617,폰쉑
1618,폰쌕
1619,폰쎅
1620,프리섹스
1621,플레이보지
1622,피싸개
1623,하꾸라이
1624,한번꽂자
1625,한번주께
1626,한번줄래
1627,핥아주께
1628,핧아줄께
1629,함대주까
1630,함대줄래
1631,함빨자
1632,항문
1633,허벌
1634,허벌창
1635,허접
1636,허접쓰레기 
1637,혓바닥
1638,호구
1639,호래아들
1640,호래자식
1641,호로
1642,호로년
1643,호로놈
1644,호로새끼
1645,호로새끼
1646,호로새리
1647,호로색
1648,호로색
1649,호로색끼
1650,호로쉑
1651,호로스까이
1652,호로스키
1653,호로자슥
1654,호로자식
1655,호모
1656,호모섹기
1657,호모쎄끼
1658,호빠
1659,호스트바
1660,호스트빠
1661,혼음
1662,화냥
1663,화냥년
1664,화류
1665,화양년
1666,환빠
1667,후라들
1668,후래자식
1669,후레
1670,후레자식
1671,후뢰
1672,후장
1673,후장
1674,후장입사
1675,희롱꾼
1676,흰둥이
1677,힘바리
